Dog Name,Breed,Color,Date of Birth,Favorite Toy
Buddy,Golden Retriever,Golden,2022-01-15,Tennis Ball
Bella,Labrador Retriever,Black,2021-09-23,Squeaky Toy
Max,German Shepherd,Brown,2023-03-12,Frisbee
Charlie,Poodle,White,2022-11-07,Plush Squirrel
Lucy,Dachshund,Tan,2024-04-29,Rubber Bone
Oliver,Poodle,Black,2023-02-17,Tennis Ball
Daisy,Golden Retriever,Cream,2022-12-05,Squeaky Toy
Cooper,German Shepherd,Black and Tan,2024-07-11,Frisbee
Lily,Labrador Retriever,Chocolate,2023-09-29,Plush Squirrel
Charlie,French Bulldog,Brindle,2022-01-03,Rubber Bone
Rocky,Rottweiler,Black,2021-11-22,Rope Toy
Chloe,Shih Tzu,White,2024-04-15,Soft Toy
Toby,Border Collie,Black and White,2023-08-07,Frisbee
Zoe,Husky,Gray and White,2022-12-25,Ball
Max,Boxer,Brown,2021-03-19,Squeaky Toy
Luna,Shiba Inu,Red,2024-06-12,Plush Toy
Duke,Doberman Pinscher,Black,2023-10-01,Frisbee
Bella,Pug,Fawn,2022-02-28,Rubber Bone
Charlie,Beagle,Tricolor,2021-12-15,Ball
Lucy,Chihuahua,Brown,2024-05-09,Squeaky Toy
Oliver,Bulldog,Brindle,2023-09-03,Rope Toy
Daisy,Great Dane,Fawn,2022-01-21,Soft Toy
Cooper,Border Collie,Black and White,2021-11-07,Frisbee
Lily,Australian Shepherd,Blue Merle,2024-03-25,Ball
Charlie,Dachshund,Black and Tan,2023-07-19,Squeaky Toy
Rocky,Rottweiler,Black and Tan,2022-12-05,Rope Toy
Chloe,Shih Tzu,White,2021-04-18,Soft Toy
Toby,Border Collie,Black and White,2024-08-12,Frisbee
Zoe,Husky,Gray and White,2023-01-01,Ball
Max,Boxer,Brindle,2022-05-15,Squeaky Toy
Luna,Shiba Inu,Red,2021-09-09,Plush Toy
Duke,Doberman Pinscher,Black and Tan,2024-02-03,Frisbee
Bella,Pug,Black,2023-06-17,Rubber Bone
Charlie,Beagle,Tricolor,2022-10-11,Ball
Lucy,Chihuahua,Brown,2021-02-25,Squeaky Toy
Oliver,Bulldog,Brindle,2024-06-09,Rope Toy
Daisy,Great Dane,Fawn,2023-12-03,Soft Toy
Cooper,Border Collie,Black and White,2022-04-17,Frisbee
Lily,Australian Shepherd,Red Merle,2021-08-11,Ball
Charlie,Dachshund,Tan,2024-01-05,Squeaky Toy
Rocky,Rottweiler,Black,2023-05-19,Rope Toy
Chloe,Shih Tzu,Black and White,2022-09-13,Soft Toy
Toby,Border Collie,Black and White,2021-02-01,Frisbee
Zoe,Husky,Gray and White,2024-06-15,Ball
Max,Boxer,Brown,2023-10-09,Squeaky Toy
Luna,Shiba Inu,Red,2022-02-23,Plush Toy
Duke,Doberman Pinscher,Black,2021-06-17,Frisbee
Bella,Pug,Fawn,2024-11-11,Rubber Bone
Charlie,Beagle,Tricolor,2023-03-25,Ball
Lucy,Chihuahua,Brown,2022-07-19,Squeaky Toy
Oliver,Bulldog,Brindle,2021-12-05,Rope Toy
Daisy,Great Dane,Fawn,2024-04-19,Soft Toy
Cooper,Border Collie,Black and White,2023-08-13,Frisbee
Lily,Australian Shepherd,Blue Merle,2022-01-07,Ball
Charlie,Dachshund,Black and Tan,2021-05-21,Squeaky Toy
Rocky,Rottweiler,Black and Tan,2024-09-15,Rope Toy
Chloe,Shih Tzu,White,2023-02-09,Soft Toy
Toby,Border Collie,Black and White,2022-06-23,Frisbee
Zoe,Husky,Gray and White,2021-11-17,Ball
Max,Boxer,Brindle,2024-03-31,Squeaky Toy
Luna,Shiba Inu,Red,2023-07-27,Plush Toy
Duke,Doberman Pinscher,Black,2022-01-11,Frisbee
Bella,Pug,Black,2021-05-25,Rubber Bone
Charlie,Beagle,Tricolor,2024-09-19,Ball
Lucy,Chihuahua,Brown,2023-02-13,Squeaky Toy
Oliver,Bulldog,Brindle,2022-06-29,Rope Toy
Daisy,Great Dane,Fawn,2021-10-13,Soft Toy
Cooper,Border Collie,Black and White,2024-02-27,Frisbee
Lily,Australian Shepherd,Red Merle,2023-06-21,Ball
Charlie,Dachshund,Tan,2022-11-15,Squeaky Toy
Rocky,Rottweiler,Black,2021-03-31,Rope Toy
Chloe,Shih Tzu,Black and White,2024-07-27,Soft Toy
Toby,Border Collie,Black and White,2023-01-11,Frisbee
Zoe,Husky,Gray and White,2022-05-25,Ball
Max,Boxer,Brown,2021-09-19,Squeaky Toy
Luna,Shiba Inu,Red,2024-02-13,Plush Toy
Duke,Doberman Pinscher,Black,2023-06-29,Frisbee
Bella,Pug,Fawn,2022-10-13,Rubber Bone
Charlie,Beagle,Tricolor,2021-02-27,Ball
Lucy,Chihuahua,Brown,2024-06-21,Squeaky Toy
Oliver,Bulldog,Brindle,2023-11-15,Rope Toy
Daisy,Great Dane,Fawn,2022-03-31,Soft Toy
Cooper,Border Collie,Black and White,2021-07-27,Frisbee
Lily,Australian Shepherd,Blue Merle,2024-01-11,Ball
Charlie,Dachshund,Black and Tan,2023-05-25,Squeaky Toy
Rocky,Rottweiler,Black and Tan,2022-09-19,Rope Toy
Chloe,Shih Tzu,White,2021-02-13,Soft Toy
Toby,Border Collie,Black and White,2024-06-29,Frisbee
Zoe,Husky,Gray and White,2023-10-13,Ball
